{
    "place-asmnl": [3, 3],
    "place-smmnl": [7.071067812, 13.82842712],
    "place-fldcr": [7.071067812, 12.82842712],
    "place-shmnl": [7.071067812, 11.82842712],
    "place-jfk": [7.778174593, 11.12132034],
    "place-andrw": [7.778174593, 10.12132034],
    "place-brdwy": [7.778174593, 9.121320344],
    "place-sstat": [7.778174593, 8.121320344],
    "place-Hutsot": [2, 8],
    "place-pktrm": [6.363961031, 6.707106781],
    "place-chmnl": [5.656854249, 6],
    "place-knncl": [4.949747468, 5.292893219],
    "place-cntsq": [4.242640687, 4.585786438],
    "place-harsq": [3.535533906, 3.878679656],
    "place-portr": [2.828427125, 3.171572875],
    "place-davis": [1.828427125, 3.171572875],
    "place-alfcl": [0.8284271247, 3.171572875],
    "place-nqncy": [8.485281374, 11.82842712],
    "place-wlsta": [9.192388155, 12.53553391],
    "place-qnctr": [9.899494937, 13.24264069],
    "place-qamnl": [10.60660172, 13.94974747],
    "place-brntn": [10.60660172, 14.94974747],
    "place-TlvHaShalom": [0, 36],
    "place-TlvSavidorCenter": [0, 34],
    "place-TlvUniversity": [0, 32],
    "place-Hertsliya": [0, 30],
    "place-BetYehoshua": [0, 28],
    "place-Netanya-Sapir": [0, 26],
    "place-Netanya": [0, 24],
    "place-Hadera": [0, 22],
    "place-Caesarea": [0, 20],
    "place-Binyamina": [0, 18],
    "place-HofHaKarmel": [0, 16],
    "place-BatGalim": [0, 14],
    "place-HaShmona": [0, 12],
    "place-HaMifrats": [2, 10],
    "place-Kiryat Motzkin": [2, 6],
    "place-Akko": [2, 2],
    "place-forhl": [8, 14.48528137],
    "place-grnst": [0.7071067812, 13.77817459],
    "place-sbmnl": [1.414213562, 13.07106781],
    "place-jaksn": [2.121320344, 12.36396103],
    "place-rcmnl": [2.828427125, 11.65685425],
    "place-rugg": [3.535533906, 10.94974747],
    "place-masta": [4.242640687, 10.24264069],
    "place-bbsta": [4.949747468, 9.535533906],
    "place-tumnl": [5.656854249, 8.828427125],
    "place-chncl": [6.363961031, 8.121320344],
    "Kiryat Hayim": [2, 8],
    "place-haecl": [8.485281374, 6],
    "place-north": [8.485281374, 5],
    "place-ccmnl": [8.485281374, 4],
    "place-sull": [8.485281374, 3],
    "place-welln": [8.485281374, 2],
    "place-mlmnl": [8.485281374, 1],
    "place-ogmnl": [8.485281374, 0],
  "place-Naharia": [2, 0]
}
